[{
  "_id": {
    "$oid": "67cf16b34d597d63901fe93f"
  },
  "image": "https://tse2.mm.bing.net/th?id=OIP.LyT7AeqQ8qcCjHlhwSzKSgHaEK&pid=Api&P=0&h=180",
  "question": "Which fish is known as the 'King of the Ocean'?",
  "choices": [
    "Shark",
    "Whale",
    "Dolphin",
    "Swordfish"
  ],
  "answer": "Shark"
},
{
  "_id": {
    "$oid": "67cf16b34d597d63901fe940"
  },
  "image": "https://tse4.mm.bing.net/th?id=OIP.7tcjCdApGddFpjQocfzN0AHaE8&pid=Api&P=0&h=180",
  "question": "Which metal is most attracted to magnets?",
  "choices": [
    "Gold",
    "Silver",
    "Iron",
    "Copper"
  ],
  "answer": "Iron"
},
{
  "_id": {
    "$oid": "67cf16b34d597d63901fe941"
  },
  "image": "https://tse2.mm.bing.net/th?id=OIP.lxAdLC5nT9PsWsQ04wJVEgHaHa&pid=Api&P=0&h=180",
  "question": "What do you call a person who collects coins?",
  "choices": [
    "Numismatist",
    "Archaeologist",
    "Historian",
    "Economist"
  ],
  "answer": "Numismatist"
},
{
  "_id": {
    "$oid": "67cf16b34d597d63901fe942"
  },
  "image": "https://tse2.mm.bing.net/th?id=OIP.wjQAXvufK6BWT-W0SgNpQQHaEK&pid=Api&P=0&h=180",
  "question": "Which insect transforms from a caterpillar into a butterfly?",
  "choices": [
    "Bee",
    "Ant",
    "Caterpillar",
    "Grasshopper"
  ],
  "answer": "Caterpillar"
},
{
  "_id": {
    "$oid": "67cf16b34d597d63901fe943"
  },
  "image": "https://tse2.mm.bing.net/th?id=OIP.Y3Ru7OkJ-n0YI8pbeqUcdQHaE9&pid=Api&P=0&h=180",
  "question": "Which animal is known for hopping?",
  "choices": [
    "Rabbit",
    "Kangaroo",
    "Deer",
    "Frog"
  ],
  "answer": "Kangaroo"
},
{
  "_id": {
    "$oid": "67cf16b34d597d63901fe944"
  },
  "image": "https://tse3.mm.bing.net/th?id=OIP.R6lgBFgYw7FtZAe-_gDurwHaE8&pid=Api&P=0&h=180",
  "question": "What do we use to protect ourselves from rain?",
  "choices": [
    "Hat",
    "Umbrella",
    "Scarf",
    "Raincoat"
  ],
  "answer": "Umbrella"
},
{
  "_id": {
    "$oid": "67cf16b34d597d63901fe945"
  },
  "image": "https://tse3.mm.bing.net/th?id=OIP.yeNhbENn-By7eSYNKzA2UQHaEK&pid=Api&P=0&h=180",
  "question": "Which sport is played with a round ball and two goals?",
  "choices": [
    "Cricket",
    "Tennis",
    "Football",
    "Basketball"
  ],
  "answer": "Football"
},
{
  "_id": {
    "$oid": "67cf16b34d597d63901fe946"
  },
  "image": "https://tse2.mm.bing.net/th?id=OIP.IgYKH09M7VfhXWDg6sVmkAHaFC&pid=Api&P=0&h=180",
  "question": "Which animal has no legs but can slither?",
  "choices": [
    "Lizard",
    "Snake",
    "Frog",
    "Caterpillar"
  ],
  "answer": "Snake"
},
{
  "_id": {
    "$oid": "67cf16b34d597d63901fe947"
  },
  "image": "https://tse2.mm.bing.net/th?id=OIP.bcOP7ZTpLAyyl3tKpdk5gAHaFB&pid=Api&P=0&h=180",
  "question": "Which vehicle moves on tracks?",
  "choices": [
    "Car",
    "Bus",
    "Train",
    "Bicycle"
  ],
  "answer": "Train"
},
{
  "_id": {
    "$oid": "67cf16b34d597d63901fe948"
  },
  "image": "https://tse2.mm.bing.net/th?id=OIP.-JDnFNBXzr1kVGPadvcnkAHaJ2&pid=Api&P=0&h=180",
  "question": "What do you use to see your reflection?",
  "choices": [
    "Glass",
    "Mirror",
    "Water",
    "Window"
  ],
  "answer": "Mirror"
},
{
  "_id": {
    "$oid": "67cf16b34d597d63901fe949"
  },
  "image": "https://tse3.mm.bing.net/th?id=OIP.3hTkhdPZ8PRL3R6saGGNAgHaE7&pid=Api&P=0&h=180",
  "question": "Which animal can fly and has feathers?",
  "choices": [
    "Bird",
    "Fish",
    "Dog",
    "Horse"
  ],
  "answer": "Bird"
},
{
  "_id": {
    "$oid": "67cf16b34d597d63901fe94a"
  },
  "image": "https://tse1.mm.bing.net/th?id=OIP.NTO1-yC1feYI5o-WmtLt8QHaHv&pid=Api&P=0&h=180",
  "question": "Which fruit is large, green outside, and red inside?",
  "choices": [
    "Apple",
    "Banana",
    "Watermelon",
    "Mango"
  ],
  "answer": "Watermelon"
},
{
  "_id": {
    "$oid": "67cf16b34d597d63901fe94b"
  },
  "image": "https://tse3.mm.bing.net/th?id=OIP.NPkApRXIEqG7tz6VwbLN8wHaE5&pid=Api&P=0&h=180",
  "question": "Which animal has the longest neck?",
  "choices": [
    "Elephant",
    "Kangaroo",
    "Giraffe",
    "Horse"
  ],
  "answer": "Giraffe"
},
{
  "_id": {
    "$oid": "67cf16b34d597d63901fe94c"
  },
  "image": "https://tse4.mm.bing.net/th?id=OIP.TVoBc5HyOUvMwOOVgKw0dgHaFj&pid=Api&P=0&h=180",
  "question": "Which vehicle is used by firefighters?",
  "choices": [
    "Ambulance",
    "Fire Truck",
    "Police Car",
    "Bus"
  ],
  "answer": "Fire Truck"
},
{
  "_id": {
    "$oid": "67cf16b34d597d63901fe94d"
  },
  "image": "https://tse1.mm.bing.net/th?id=OIP.STj3nNZdIeqTs4-1fUdbsQHaEo&pid=Api&P=0&h=180",
  "question": "What shines in the night sky along with the moon?",
  "choices": [
    "Sun",
    "Clouds",
    "Stars",
    "Rainbow"
  ],
  "answer": "Stars"
},
{
  "_id": {
    "$oid": "67cf16b34d597d63901fe94e"
  },
  "image": "https://tse1.mm.bing.net/th?id=OIP.bm5g_XPeNngcAK0FBXtwsAHaE8&pid=Api&P=0&h=180",
  "question": "Which animal can jump high and live in water and land?",
  "choices": [
    "Crocodile",
    "Frog",
    "Snake",
    "Fish"
  ],
  "answer": "Frog"
},
{
  "_id": {
    "$oid": "67cf16b34d597d63901fe94f"
  },
  "image": "https://tse3.mm.bing.net/th?id=OIP.47efzn1OnBoMToje_jG7AAHaEq&pid=Api&P=0&h=180",
  "question": "Which vehicle has two wheels and is pedaled?",
  "choices": [
    "Car",
    "Bike",
    "Bicycle",
    "Train"
  ],
  "answer": "Bicycle"
},
{
  "_id": {
    "$oid": "67cf16b34d597d63901fe950"
  },
  "image": "https://tse1.mm.bing.net/th?id=OIP.pXO5rBMR29hnT-D8LxpiZgHaFj&pid=Api&P=0&h=180",
  "question": "Which bird is known for mimicking human speech?",
  "choices": [
    "Crow",
    "Parrot",
    "Owl",
    "Pigeon"
  ],
  "answer": "Parrot"
},
{
  "_id": {
    "$oid": "67cf16b34d597d63901fe951"
  },
  "image": "https://tse1.mm.bing.net/th?id=OIP.vPF7ld431wrURBqez-OZ1wHaEK&pid=Api&P=0&h=180",
  "question": "What does water turn into when frozen?",
  "choices": [
    "Steam",
    "Snow",
    "Ice",
    "Rain"
  ],
  "answer": "Ice"
},
{
  "_id": {
    "$oid": "67cf16b34d597d63901fe952"
  },
  "image": "https://tse1.mm.bing.net/th?id=OIP.cLayN6B5OVYUprKV82WnRgHaFs&pid=Api&P=0&h=180",
  "question": "What do we use to write in a notebook?",
  "choices": [
    "Pen",
    "Pencil",
    "Brush",
    "Marker"
  ],
  "answer": "Pencil"
},
{
  "_id": {
    "$oid": "67cf16b34d597d63901fe953"
  },
  "image": "https://tse3.mm.bing.net/th?id=OIP.3rRVOxsAum9tsPOA9C-G8gHaFx&pid=Api&P=0&h=180",
  "question": "Which animal is known to provide milk?",
  "choices": [
    "Dog",
    "Horse",
    "Cow",
    "Cat"
  ],
  "answer": "Cow"
},
{
  "_id": {
    "$oid": "67cf16b34d597d63901fe954"
  },
  "image": "https://tse3.mm.bing.net/th?id=OIP.XNIy040nKzTCc1MC2N_PnQHaE8&pid=Api&P=0&h=180",
  "question": "Where do children go to study?",
  "choices": [
    "Hospital",
    "School",
    "Park",
    "Market"
  ],
  "answer": "School"
},
{
  "_id": {
    "$oid": "67cf16b34d597d63901fe955"
  },
  "image": "https://tse3.mm.bing.net/th?id=OIP.Ef84_vxHZD3m_AaZlLc27gHaE8&pid=Api&P=0&h=180",
  "question": "Which sweet treat is made from cocoa?",
  "choices": [
    "Candy",
    "Chocolate",
    "Cake",
    "Ice Cream"
  ],
  "answer": "Chocolate"
},
{
  "_id": {
    "$oid": "67cf16b34d597d63901fe956"
  },
  "image": "https://tse4.mm.bing.net/th?id=OIP.ujDYD3AKXCFSp50pASqeOwHaEK&pid=Api&P=0&h=180",
  "question": "Which vehicle is used to travel on water?",
  "choices": [
    "Bus",
    "Car",
    "Boat",
    "Train"
  ],
  "answer": "Boat"
},
{
  "_id": {
    "$oid": "67cf16b34d597d63901fe957"
  },
  "image": "https://tse1.mm.bing.net/th?id=OIP.3DNaRuK2pT0RoAwffwNljQHaFL&pid=Api&P=0&h=180",
  "question": "What falls from the sky when it rains?",
  "choices": [
    "Snow",
    "Water",
    "Sunlight",
    "Wind"
  ],
  "answer": "Water"
},
{
  "_id": {
    "$oid": "67cf16b34d597d63901fe958"
  },
  "image": "https://tse1.mm.bing.net/th?id=OIP.v_GffcSZFEwJqVSePcGNOgHaE9&pid=Api&P=0&h=180",
  "question": "Which body part helps us to hear?",
  "choices": [
    "Eyes",
    "Ears",
    "Nose",
    "Mouth"
  ],
  "answer": "Ears"
}]